{"cameraMode":{"drawMode":0,"name":"Shaded","section":"Shading Mode"},"sceneLighting":true,"audioPlay":false,"sceneViewState":{"showFog":true,"showMaterialUpdate":false,"showSkybox":true,"showFlares":true,"showImageEffects":true,"showParticleSystems":true,"showVisualEffectGraphs":true,"m_FxEnabled":true},"in2DMode":false,"pivot":{"x":56.851993560791019,"y":22.13123893737793,"z":14.730377197265625},"rotation":{"x":0.19692419469356538,"y":-0.02941235341131687,"z":0.005911121144890785,"w":0.9799615740776062},"size":163.47772216796876,"orthographic":false}